input,output
لدي بنت عندها تاخر في النمو العقلي وتاخد دوا واحد بس اسمو رسبيدرال ما بعرف قديش اعطيها حبه بليوم لاني بطلت اتابع فيها عند الدكتور من زمان وهسه عمرها ١٣ سنه وضعيفه,حتى لا تسوء حالة الطفلة يجب مراجعة الطبيب لتقييم حالتها، كما يجب أن تكون ضمن البرامج المُخصصة لذوي الإحتياجات الخاصة من أجل أن تكتسب المهارات اللازمة
لدي اكتئاب مفاجئ بعد أن تعرضت لصوت رعد مفاجئ وأمطار وأصبحت كئيية لمدة ثلاث ايام وأبكي بدون سبب هل هذه صدمة ام فقط فترة ثم قلت انه فقط اكتئاب المطر حتى أن اشرقت الشمس قد لازالت هذه الحالة معي لم اعرف السبب واحس كأنه هناك ضغط في صدري,من الأفضل المتابعة مع معالج نفسي من أجل معرفة المزيد من التفاصيل ومساعدتك على التخلص من الإكتئاب، فقد تكون هناك أسباب أخرى كامنة تجعلك تشعرين بالحزن.
أنا معلمة عربية ولكن بسبب هشاشة النفسية أجد صعوبة دائما في التركيز وعدم القدرة على النوم العميق وهذه السنة سأدرس الإبتدائية ودائما افكرفي كيفية اعطاء المعلومات لتلاميذي وأنا أعاني من نقص الإدراك وايضا حساسية الأصوات التي اسمعها في الصباح من امي التي تزعجني جدا وايضا سرعة نبضات قلبي الشديدة,يمكنك متابعة جلسات علاج نفسي مع معالج نفسي متخصص
عند مقابلة او التحدث إلى مدراء العمل او اشخاص أكن لهم احتراما كبيرا اتلعثم في الكلام ولا اوفق في اختيار الكلمات مما يصيبني بالحرج الشديد ويجعلني اتجنب حصول مثل هذه المقابلات,نحتاج إلى علاج نفسي مكثف تدريب على التعامل مع الآخرين والاسترخاء والتأمل
استعمل الآن prozacوprozalamواجدنفسي ليس لدي شهية للطعام ولاانام نوما عميقا واعاني من حساسية الأصولا وسرعة نبض القلب ونقص وزن,يجب المتابعة مع أخصائية تغذية أو طبيب صحة عامة من أجل تحديد فاتح الشهية، كما يجب المتابعة مع معالج نفسي خاصة إذا كنتِ تعانين من ضغوطات نفسية للمساعدة
أسألكم هنا و لست صاحب المشكل و اطرح السؤال، فتاة تخبرني انه من عامه 15 و هو يشاهد فيديوهات تعذيب و يرتاح لمشاهدتهم ارسل لي فيديوا الموضوع فعلا مقزز يقول لي انه يحس براحة كشخص يشاهد مقاطع لإزالة البقع الذهنية او ASMR. هل هذا شخص يعاني من مشكل نفسي ؟ و ما علاجه؟ ما تفسر هذا خصوصا انه ليس الوحيد؟,لا يمكن تحديد تشخيص بالإصابة بإضطراب نفسي، لا يوجد معلومات إن كان يؤذي نفسه أو يؤذي الآخرين أو طريقة تأثيرها على حياته وعلاقاته الإجتماعية.
عندي قلق وماشي علي باروكستين 37.5 ممتد المفعول مرة يوميا وكويتازيك 300 ممتد المفعول مرة يوميا بقالي شهرين ، عايز اوقفه حاليا عشان اعراضه الجانبية شديدة، اوقفه بالتدريج ازاي بحيث ميضرنيش؟,يجب مراجعة الطبيب النفسي الذي وصف لك الدواء من أجل تقييم حالتك واتخاذ قرار توقيف الدواء التدريجي، كما يجب المتابعة مع معالج نفسي لمعالجة الأسباب النفسية التي تؤدي للقلق
انا بلعتها الساعه ٧ العشاء ونمت والساعه ١٢ الليل قمت وحاسه بدوخه شدييييده والم في المعده لكن لى الان الساعه ٨الصباح ما صار ولا شي غير الدوخه وكان فيه هلوسه شوي بعد كنت اشوف اشياء مو موجوده,يجب مراجعة طبيب، كما إذا كانت الأسباب التي تؤدي إلى الأرق هي نفسية من الأفضل المتابعة مع معالج نفسي للتحدث ومعالجة الأسباب
من 2008 وأنا أعاني من امراض عديدة بدأ من نقص الدم وحساسية الجلدية واصبت بإكتئاب شديد استمر حتي الآن ولم يبق طبيب نفسي ومعالج الا وزرته وأستعملت ادوية كثيييرة لاكن دون فائدة لازلت اعاني من اكتئاب حاد وحساسية الأصوات عند الصباح والمغرب وخاصة صادرة من امي,يمكنكِ إجراء الفحوص الوراثية الدوائية يمكنها أن تقدّم مؤشرات دلالية للعلاج، ويجب تغيير المعالج النفسي وتغيير طريقة العلاج المُتبعة خاصة إذا كنتِ تتابعين مع معالج سلوكي، يجب تغيير المنهج المتبع من أجل الوصول إلى نتيجة ومعالجة الأسباب النفسية الكامنة التي تؤدي إلى الإكتئاب، وإيجاد طرق أفضل للتكيف مع تحدّيات الحياة.
السلام عليكم اعاني من كأبة وخوف داخلي اضطراب اكتئابي .من انا لماذا انا هنا . اتجنب التفكير دائما للان عقلي دائما مشوش وارغب في الصراخ .... هذه رابع مرة اسال . واقول ليس هناك طبيب نفسي في مكاني واطلب وصف احد مضادات الاكتئاب . لان الامر بدا يتطور,يجب التواصل مع طبيب نفسي من أجل تقييم وتشخيص الحالة والعلاج، كما يجب المتابعة مع معالج نفسي متخصص لعلاج الأسباب الكامنة التي تؤدي إلى الإكتئاب، فمن خلال العلاج النفسي يمكنك التحدث عن كل الأزمات والصدمات التي مررت بها وكل الأمور التي تشعر بها حاليا وتمر بها ويساعدك على تخطي كل ذلك والشعور بالتحسن التدريجي في حياتك الحالية
اعاني من صعوبة في اخد نفس عميق مم يجعلني افكر في لأفكار سلبيه وبس اتعمق يزيد تنفسي يضعف وبحس بي حرارة بلجسم احاول التثاؤب لآخد نفس عميق كم عندي تجشؤات زرت طبيب مرتين اخبرني انه لأعاني من شيء ارجو رد على سؤال,عندما لا يكون هناك أسباب صحية تكون الأسباب نفسية وتظهر ببعض العوارض الجسدية مثل ضيق التنفس وغيرها، الأفكار السلبية والشعور بالقلق الشديد تؤدي إلى عوارض مثل ضيق التنفس، من الأفضل المتابعة مع معالج نفسي للعلاج النفسي
ما هو حل مشكلة الخوف اثناء قيادة السيارات و توقع الاسوأ بعد حادث سابق كيف اتخلص من اثره و اقود بهدوء,الاستمرار فى القياده الهادئه وتوخى الحذر مطلوب فى العموم بتكرار مرات القياده بكثره حيزول القلق
هل التلذذ بتعذيب الطرف الاخر لي بالضرب يعني أنني مازوخية؟,ربما .. ولكن لا معنى لاعتياد ذلك.. لأنه ضار وخطر نفسيا وجسديا
اعاني من وسواس الموت وهلاوس بصريه احيانا واضطراب في النوم ونغزات بالصدر وبالجسم وغثيان وألم بالمعده واحيانا دوخه ضيق بالصدر واحيانا خفقان احيانا احسها اعراض الموت فعلا وليست مشكله نفسيه,يجب المتابعة مع طبيب نفسي من أجل تقييم وتشخيص الحالة ومع معالج نفسي أيضا
صاحبتي اتخطبت م كام يوم وم وقتها وانا هتجنن فكرة أن حد يشاركني فيها أو ياخدها مني هتجنني مش حاسه اني فرحنالها ١٪ حتى رغم اني نفسي اشوفها مبسوطه بس حتى مش قادره‍ امثل اني مبسوطه،كل شويه ببقى عاوزه اعرف بتكلمه ولا لا بيقولوا ايه، فيه اي علاج غير العلاج النفسي,العلاج النفسي المكثف مهم ومفيدتدريب على الاسترخاء والتأمل والاعتداد بالنفس
انا اعاني من القلق دايما والخوف وعدم التركيز عهد الجلوس مع اي شخص والخجل وماقدر اعبر ولا احس بالفرحة مثل قبل وصر عصبية عند اولادي,مهم العلاج النفسي والتدريب على الاسترخاء والتأمل وممارسة الأنشطة الحياتية المختلفة
وصف لي الدكتور النفسي دواء هيرمبرو 10 قرص صباحا وقرص اميبريد 50 قرص قبل العشاء و كاربالتا 60 قرص بعد العشاء و زولام نص مل قبل النوم مستمر عليهم منذ 5 ايام لكن انقطعت الرغبه الجنسيه تماما وضعف انتصاب هل للدواء علاقه بذلك ؟؟ ومتى تعود الرغبه الجنسيه والانتصاب بعد توقف الدواء,تتم المناقشة مع الطبيب المعالج ويمنع التدخين وننقص الوزن
تعرضة لموقف محرج قبل فتره طويييله من الزمن ولكن كل ما تذكرته احس بغصه ويتغير وجهي لثواني يعني ارفع حواجبي او اسكر فمي بقوه او كلهم مع بعض وبعدها اهدي نفسي هل هذا الشي طبيعي,ربما يكون طبيعيا ونحتاج إلى علاج نفسي مكثف لتحليل الموقف المحرج وتأثيره على النفسية والشخصية وتلافي تأثيراته السلبية
اعاني من ادمان جابانتين volar منذ مده سنه من غير وصفه طبيه واريد الاقلاع عنه هل اقطعه فجأه ام بالتدريج وكيف اعيد ثقتي بنفسي بعد تركه ع,يقطع فوراًمع إرادة قوية وتحمل لمدة أسبوعومتابعة نفسيةوعلاج نفسي مكثف
اتخيل مواقف انا اللى اسويها مواقف بطوليه او مضحكه او محزنه واصدقها واعيش المشاعر لدرجة اني اضحك صدق اذا كان الموقف مضحك وبعد ما ينتهي الخيال ارجع طبيعيه ويش ذا ؟,لا توجد أي مشكلةمن حقك تستخدمي خيالك ثم العودة للواقع.وربما تحتاجين إلى إرشاد نفسي وتنمية شخصية.
اعاني من الإكتئاب والقلق واستعمل دواءprozac وprozalam لقد سببو لي ارتفاع درجة حرارة الجسم وسرعة نبضات القلب وعدم القدرة على النوم العميق مع عدم القدرة على زيادة الوزن وأنا استعمل الأدوية من سنة2014حتي الآن ماذا أفعل,يجب مراجعة الطبيب النفسي لتقييم الحالة والدواء كما يجب المتابعة مع معالج نفسي
عاصبيه زايدة عن الزوم لدرجه الكل صار يبعد عني بسببها,العصبية الزائدة لها أسباب عديدة منها الضغوطات النفسية، المشاعر السلبية، القلق، التعرض لحادث مثل صدمة أو التنمر وغيرها، من الأفضل المتابعة مع معالج نفسي للعلاج وتحقيق التوازن في الإنفعالات
فاقده شعور الشغف اتجاه الاشياء الي احبها يعني قبل اذا شفت شي احبه سواً شخص او غيره يجيني شعور جميل بداخلي وتتسارع نبضات قلبي لكن هذا الشي احس فقدته موب قاعده احس بلذت الشعور,"يسمى هذا العرض بالانهيدونيا ,أي فقدان الإحساس بالمتعة او السعادة و هو واسم لحالات الاكتئاب مع مجموعة أعراض أخرى متعلقة بالنشاط و الطاقة و الشهية و الارتباط بالماضي"
اشعر كأن الهواء لا يدخل من انفي واشعر بكتلة بالحلق وشعور بالبلعوم كضغط ولكن عندما افعل شي انسى الشعور ويذهب ولا يعود الا عندما اتذكره وعندما انام انام طبيعي دون اضطرابات او انقطاع نفس نومي,السلام عليكم ورحمه الله وبركاته هذه الاعراض تخيلية وليست حقيقية الافضل تجهلها ونتمني لكم الصحة والعافيغ
تخيل شخص غير موجود والتحدث معه وتصديق وجوده ورفض إنكاره وتأثير ذلك على الأنشطة اليومية مثل الدراسة ،حيث يتم تفضيل التحدث إلى الشخص الوهمي بدلا عن التحدث إلى أحد واقعي,هذا ما يسمى بالأقران المتخيلين و تتواجد بسن مبكر بشكل طبيعي و لكن غالبا ما يلجأ اليها الشخص بسبب عدم القدرة على تشكيل علاقات واقعية نتيجة الخوف من الرفض أو عدم الثقة بالنفس  بجميع الاحوال يفضل طلب الاستشارة من طبيب
انا اخذت بروكسات ١٠ مدة اسبوع ثم اخذت بروكسات ٢٠ قعدت ثلاث اسابيع حسب وصف الدكتورة بعد ذلك رجعت بعض اعراض المرض زدت الجرعه ١٠ صارت ٣٠ بعد يوم لاحظت وضعي تحسن هل استمر,يجب أن تتابع مع الطبيب النفسي لأنه هو من يقيم حالتكِ، كما يجب أن تتابعين مع معالج نفسي أيضا لعلاج الأسباب الكامنة
لما تصير مشكله تافهه او قويه مع اشخاص اصير افكر فيها فجأه واخلق سيناريوهات وحوار كله هواش لدرجة بالواقع علاقتي تأثرت بهالاشخاص حاولت اتجاهل الافكار بس فجأه عقلي يفكر فيها,مهم العلاج النفسي والتدريب على التركيز والاسترخاء
أنا طالب جامعي وأحتاج الى منشط للجسم .. اعل دوام جزئي حتى اعيل نفسي ولكن لا يبقى لي ادنى وقت سوى للنوم .. واحتاج منشط لأستعمله ولم اجد سوى كابتجون .. لدي اكتئاب لا نمطي (حسب الأطباء) وفقر دم حاد .. هل يمكنني استعماله ام يفضضل استعمال خيار اخر؟ العمر 17,هذا دواء خطير يؤدي للادمان ومن الخطأ الكبير استخدامه لانه يستخدم لعلاج امراض محدده وتحت اشراف طبي واستخدامه باي طريقة اخرى ادمان وقد يؤدي لامراض ذهانيه
عندى نوبات هلع متكره وخوف وقلق دائم مسيطر على وحساس بزياه و متضايق ومكتئب وافكار سلبيه واوهام ووساوس وانا متزوج وده مسببلى قلة الرغبه الجنسيه وقلة النشوه والقذف عندى متاخر خالص وممكن العلاقه تنتهى بدون قذف انا عاوز علاج لا يكون له تاثير على الرغبه الجنسيه بل يزيدها ويسرع الوصول للنشوه ويسرع القذف,"الاكتئاب اضطراب و القلق اضطراب و نوب الهلع اضطراب و يمكن أن تترافق مع بعضها أحيانا ,يبدو أن ما تشكو منه هو يشير الى وجود اكتئاب مثل وجود الافكار السلبية وا لمزاج المنخفض و التعب و اتعدام التركيز و البرود الجنسي و لوصف العلاج لا بد من ذكر و جود أي سوابق مرضية مثل صرع أو سكري أو ارتفاع توتر شرياني  من الأدوية التي توصف للاكتئاب و لا تؤثر على الرغبة الجنسية هو دواء bubropion 150 mg"
أكره أبي منذ الصغر ولا احب التحدث معه لأنه عندما كنت طفلة كنت بدينة وكان دائم التنمر على شكلي ويقارنني بالفتيات الأخريات وكل عائلتي وأقاربي نفس الشيء دائما يتنمرون علي والآن أنا أقترب من العشرينات وما زالت ثقتي بنفسي متزعزعة وأرفض فكرة الزواج لأنني غير راضية عن شكلي,والدك يتمنى ان يراك في احسن صوره انت جميله بخلقك وروحك ومرحك ونجاحك وثقتك بنفسك لا تدعي اي حد يزعزع من ثقتك بنفسك تحدثي من والدك انك تضايقين من كلامه وتعتبيريه تنمر واطلبي منه مساعدتك في ان تصلي الي الشكل الذي تريدينه انتي ويجعلك راضيه عن نفسك اما لموضوع السمنه السمنه مقاييس وحسابات انصحك بالتوجه لطبيب تغذيه لمعرفه اسباب السمنه ويجب عليكي عمل تحاليل عديده من ضمنها الغده لان ممكن ان يكون السبب بسيط جدا مجرد تظبيط هرمونات عليكي المتابعه مع طبيب متخصص وممكن ان تستشيري دكتور تخصص نفسيه لتعزيز ثقتك بنفسك مره اخرى .... دمتى جميله ومتألقه دائما
انا عمري 17 سنة وداخل عال18 ولحد الآن عندي كارثة اسمها التسرع في الكلام بدون ما أفكر بحاول اني استنى شوي قبل ما اجاوب لكن مرات بتطلع مني كلمات بشكل لا إرادي وبعد ما احكي بندم لاني ما بفكر قبل ما احكي إيش هي الطريقة اني اتخلص من هالعادة السيئة,يجب زيادة علاقاتك الإجتماعية، عندما تتحدث مع أحد أو تكون ضمن مجموعة يجب أن تركز ليس فقط على الحديث وإنما أيضا على لغة الجسد لتعرف متى يتوقف السخص عن الحديث، يجب تخفيف التوتر، والإبتعاد عن التشنجات، محاولة العد للعشرة والتفكير بما تريد قوله قبل أن تتحدث، وتحاول أن لا ترد بطريقة عنيفة.
تعرضت لصدمة نفسية وعاطفية قبل ٤ أشهر بسبب الطلاق والان اصبح لدي التهاب في المعده ومشاكل في الجهاز الهظمي. كيف اعالج مشكلتي النفسية؟,بما أن التعرض للصدمة منذ ٤ أشهر وأنت بداتِ تعانين من مشاكل جسدية نتيجة الضغوط النفسية، يجب المتابعة مع معالج نفسي لمساعدتك على تخطي الصدمة
عندي ٢٤ سنة اعاني من رهاب اجتماعي من و انا صغيرة لكن الموضوع مسيطر هذة الفترة خصوصا لما بتحط في موقف المفروض فيه تجمع ، القلق و الخوف بيسيطر عليا و مفيش عندي امكانية الذهاب لطبيب هل هناك علاج امن للقلق اقدر استخدمه يقدر يهدي من موضوع القلق و الخوف الغير مبرر,تدربي على الاسترخاء والتفكر الارتقائي حتى تستطيعي الذهاب للمتخصص
قريبي مسافر منذ 10 اعوام ومنذ سنة ذهب من هناك إلى الجزائر لخطبة فتاة كان يعرفها وتمت الخطبة وبعد عودته مباشرة من هناك اصبح يتوهم بانه مريض وعند عرضه على الاطباء لايوجد أي مرض من خلال التحاليل واصبح يبقى طويلا على الطعام والشراب(يأكل ببطء)لمدة ساعتين ويقف طويلا و يكرر الكلام الذي يقوله مرتين او ثلاثة,اهلا عزيزي  سعيده جدا بتواصلك  ما هي الاسباب التي جعلته يتوهم انه مريض ؟  وماهي المعتقدات التي تدور بتفكيره ؟  وهل تم تشخيصه من قبل طبيب نفسي ؟
عندي تقلبات بالمزاج وملولة مره وتناقض بالافكار والمشاعر والمعتقدات وازعل على كل شي وارضى بدون شي وعندي نرجسية وبنفس الوقت اكره نفسي احيانا عمري ٢٠ هل اعرض نفسي لدكتور؟,بالتأكيد وجود أعراض نفسية واضحة بهذا الشكل تشير إلى حاجة ملحة لاستشارة نفسية
كنت بحاول الانتحار وتناولت شريط كامل من اترين ٢ملجم أول أمس ولم أمت فقط أصبت بأعراض متعبة تسارع نبضات القلب والدوار الشديد وارتفاع الحرارة وعدم القدرة على التتفس خفت الأعراض قليلاً لكن أشعر بالم في عضلات جسمي وتسارع النبض بسبب اي مجهود وتعب عام وحرارة كيف اتعافى من هذه الاعراض؟,يجب أن تتابعِ مع طبيب. كما يجب أن تتابعِ علاج نفسي خاصة أنكِ تحاولين الإنتحار.
شخص اغلب الأطباء على النت حالتي ب الاكتئاب اللانمطي .. وجميعهم بعد أن سألونني اسئلة وبعد أجوتني أقرو أني بحاجة الى علاج نفسي شديد .. ولكن المشكلة أنه بسبب مشكلة العمر لا يمكنني الذهاب الى أي طبيب وأود أن اسئل هل يمكنني تجاهل هذا؟ لا يمكنني فعل شيء,"نعم أن الاكتئاب على اختلاف شدته يؤثر على الحياة اليومية ,ناهيك عن مخاطر أخرى مثل التفكير بعدم وجود مبرر للحياة ,و الاكتئاب من الممكن أن يؤدي بالشخص للتعطل الدائم"
ايش السبب في ان احب الالم يعني اذا ألمتني بطني يكون شعور حلو بالنسبه لي او الكدمات احس انه الوجع شعور جميل حتى الم القلب النفسي والجسدي اكيد هالشي مو طبيعي واتمنى اعرف السبب,لا يمكن إعطاء تشخيص لك. إن حب الألم الجسدي أو التلذذ بالألم الجسدي أو ينشأ منذ الطفولة ويكون ناتج عن صدمات نفسية والتحرش الجنسي في الطفولة ويحتاج الى العلاج النفسي
انا عند مشكلة اني بحب ( الاقدام النساء منذ كان عمر 5 سنوات),"قد يكون ماتتكلم منه لا يصل لدرجة الاكتئاب و لكن بعض الاعراض المزاجية المرتبطة بوجود نظام يومي ووجود واجبات و زيادة الواجبات مع التنويه أن هناك مايسمى الاكتئاب الموسمي وهو حدوث أعراض اكتئاب في فصل الخريف و الشتاء و علاجه ببعض السلوكيات و النشاطات اليومية و التعرض للضوء المستمر و أحيانا قد نلجأ لجرعات الادوية ,أما حب الاقدام فهو من ضمن اضطربات مايسمى التفضيل الجنسي بحيث يتم الانجذاب الى عضو غير جنسي و قد لاتكتمل العملية الجنسية الا به من الممكن علاجه تحت اشراف معالج أو التفاهم مع الشريك على هذا الموضوع"
دكتور اعاني من قلق حاد جدا لدرجة ما اقدر امشي لمسافة معينه وعدم التكلم كثيرا وعدم ممارسة أي النشاطات اليومية الأعتيادية والأكتئاب الحاد ما الحل ؟ ذهبت الى اطباء نفسية لاكن,يجب المتابعة مع طبيب نفسي من أجل التشخيص وتحديد العلاج الدوائي كما يجب المتابعة مع معالج نفسي من أجل معالجة الأسباب النفسيه الكامنة من خلال جلسات العلاج النفسي.
اعاني من الهلع والخوف من اي موقف لو كان بسيط ولو كان عندي موعد لقاء بعد يوم مع اي شخص اقلق للموعد واحيانن امام مجتمع اخاف من التحدث وياتيني ربكه وتعرق واحس بضيق في التنفس,"هذا مايشير الى اضطراب القلق الاجتماعي أو الرهاب الاجتماعي ,حيث يخشى المصاب من التحدث أو ااكلام و يتجنب الحديث أمام أشخاص بعينهم علاجه عن طريق حاصرات الفا متل ديديرال و علاج عن طريق أدوية معاوضة للسيروتونين مع علاج معرفي سلوكي تحت اشراف معالج نفسي"
اشعر بالقلق والخوف من المستقبل ولدي اضطرابات في النوم والتوتر اثناء الحديث مع الآخرين والشعور برغبه في الهروب والانعزال,"اذا كان الشاغل الاكبر هو توقع حدوث أشياء سلبية بشكل مستمر ,و التفكير المفرط بالمستقبل لدرجة تأثيره على الحياة اليومية المعاشة دخلنا في مايسمى أعراض القلق المعمم"
هل يوجد علاج آمن وفعال لإزالة التوتر وتعكر المزاج وزيادة الثقة والجرأة بالنفس، دون أن يكون له أثار سلبية أو إدمانية؟,نعم  العلاج النفسي السلوكي المعرفي بدون أو باقل قدر من الأدوية
ماهي الأدوية اللتي تسبب تبول ليلي للكبار بدون وصفة طبية,"اذا كان المقصود الادوية النفسية , فهناك العديد من الادوية منها المهدئات عموما و أدوية مجموعة البنزوديازبين"
بسب الرهاب الاجتماعي والتأتأة تركت الدراسة وندمت كثيرًا والان عمري ٢٧ وادرس الصف الحادي عشر علمي مسائي واتمنى اصبح دكتور ، هل استطيع ام العمر فات ، وارى اصدقائي موظفون واشعر بالنقص والاكتئاب,تعبر التأتأة عن اضطراب من اضطربات الكلام التي تظهر في فرة النمو العصبي عند الطفل و يمكن أن تزول لأو تتراجع نسبيا أو تستمر مع تقدم العمر و من الممكن أن تترافق مع اضطرابات مزاج كالاكتئاب و نقص تقدير الذات و القلق و الرهاب الاجتماعي و عدم القدرة على مواجهة الناس ويمكن تدبير هذه الاضطرابات عن طريق علاج دوائي او سلوكي
انا شخص تركت الدارسة لأني اعاني من الرهاب الاجتماعي والآن ندمت كثيرًا واشعر بالاكتئاب والانتحار . وارى اصدقائي في وظايف كبيره واشعر بالنقص واحس لاقيمة لي والان انا في صف ثالث ثانوي علمي مدرسة مسائي ، واشعر انه سنوات عمري ذهبت بدون فائدة واحس لاقيمه واتمنى الزمن يرجع وادرس واتخرج واصبح دكتور,الزمن بكفي ما بيوقف ولا بيرجع ولكن المهم أنت تكمل بتحقيق الأشياء التي تريد تحقيقها، يجب أن تضع أهداف صغيرة لتحققها على المدى القصير وأهداف كبيرة تريد تحقيقها بالمدى الطويل، لا تركز على الماضي بأنك تركت الدراسة ولم تحقق أهداف، تحدث مع الأشخاص الإيجابيين الذين يعطونك الدافعية وابتعد عن الذين ينتقدونك، طلب المساعدة من معالج نفسي أيضا جدا مهم لأنه يمكنك التحدث أكثر في التفاصيل ومعالجة الإكتئاب. يكنك حجز موعد أونلاين أو الذهاب إلى العيادة النفسية.
هل يمكن لنوبة تسرع فوق بطيني ان تكون دائما للمريض اقل من 30 ثانية لانني و برغم زيارات الطبيب و طمأنته اكاد اموتت خوفا لان التسارع الذي ياتيني غالبا لا يستمر اكثر من بضع ثواني مما دفعني للشك انه تسارع بطيني غير مستمر اقل من 30 ثانية لوجه الله انقذوني فقد حرمت من النوم من شدة الهلع .,عادي جدا ومصاحب للقلق ربما تحتاج إلى علاج نفسي مكثف
عدم ثقه بنفسي والقيمه وتجيني حالات اني ابي اموت فاقده الامل ومتحطمه كثير واعاني من تعب نفسي واكتئاب ..,نحتاج إلى علاج نفسي مكثف وضبط الوزن والحياة الطبيعية الصحية المسالمة بعيدا عن التوترات
لا أعلم لو هذه مشكلة لكن مزاجي يتقلب كثير اضحك لأسباب تافهة اتوقف مباشرة يمكنني التحكم بمشاعري احيانا ابكي من العين اليسرى دون سبب .. علما اني قليل المشاعر ولكن لو رأيت اي شيء يحتاج مساعدة اساعد مباشرة سواء قطة مريضة شخص يحمل احمال ثقيلة او اي شيء واحزن في حال كان هناك شخص حزين هل انا طبيعي؟,تحتاج إلى صحبة طيبةوربما علاج نفسي مكثف
انا بعد من شهر أصبحت اعاني من صعوبة في التفكير والكلام والاحساس دائما بالاكتئاب وعدم قدرة ع فهم الاشياء واحس بصعوبه ف عمل الاشياء ولا اكمل اي شئ واحس بتشوش ف دماغ وكأنه أحد يشوش تفكيري ويضايقني وأخذ علاج فيفرين مضاد للاكتئاب مرة واحده لكني تركته منذ شهر لانه يسبب لي النعاس والتعب منه فما العلاج,نحتاج إلى علاج نفسي مكثف وضبط الوزن
اعاني من فرط التفكير بشخص لايعنيني ابدا في حياتي لكني طوال اليوم افكر فيه ولايخرج من بالي ابدا والحالة لها شهر تقريباً مالحل !,"تعبر هذه الحالة عن مايسمى ضغط الافكار ,تواتر و اجترار مستمر للأفكار السلبية و المنهكة , يرجى ذكر أي اعراض مرافقة مرتبطة بالتعب أو سوء المزاج للوصول لتشخيص مناسب"
ما هو افضل دواء للاكتئاب بدون آثار جانبية ؟,يبحث العديد من الأشخاص عن افضل دواء للاكتئاب بدون آثار جانبية، حيث تعتبر مضادات الاكتئاب المثالية هي التي تحمل فعالية عالية وأعراض جانبية منخفضة. وحتى هذه اللحظة لا يوجد العديد من الدراسات التي تدعم استخدام أفضل دواء للاكتئاب دوناً عن الآخر حيث أن معظمها متساوية في مفعولها وقد يتم إجراء الاختيار من قبل الطبيب حسب التكلفة والآثار الجانبية.  وتجدر الإشارة إلى أن مضادات الاكتئاب تعتبر من الأدوية شائعة الاستخدام والتي على الرغم أنها لا تعالج الاكتئاب بشكل نهائي إلا أنها تقلل من الأعراض وتمنع تطور المرض، وفي حال البدء بأحد مضادات الاكتئاب وظهور آثار جانبية غير مرغوبة أو عدم تحسن الأعراض خلال مدة زمنية محددة فقد يتم تجربة علاج آخر وكل ذلك يتم تحت إشراف الطبيب المختص.  وقبل تحديد افضل دواء للاكتئاب بدون آثار جانبية تجدر مناقشة أنواع مضادات الاكتئاب والآثار الجانبية المحتملة لكل منها وهي كما يلي:  مثبط استرداد السيروتونين الانتقائي (بالإنجليزية: Selective serotonin reuptake inhibitor): حيث تلعب دوراً في النواقل الكيميائية في الدماغ ومنها السيروتونين، ومن الأدوية التي تنتمي لهذه المجموعة سيتالوبرام و فلوكستين و سيرترالين وغيرها. ومن الأعراض الشائعة لهذه المجموعة المشاكل الجنسية مثل انخفاض الدافع الجنسي أو ضعف الانتصاب أو مشاكل القذف، بالإضافة إلى زيادة الشهية وزيادة الوزن. مثبطات استرداد السيريتونين و النورأدرنالين الانتقائية: حيث تعمل على زيادة نسبة النواقل العصبية السيريتونين و النورأدرينالين، ومن الأدوية التي تنتمي لهذه المجموعة فينلافاكسين وغيرها. ويسبب المشاكل الجنسية وزيادة الوزن بصورة أقل من المجموعة السابقة. مضادات الاكتئاب الثلاثية الحلقات (بالإنجليزية: Tricyclic antidepressant): مثل كلوميبرامين وغيرها، وتسبب هذه المجموعة بالإضافة للأعراض السابقة جفاف الفم والإمساك ومشاكل في التبول والنعاس وغيرها. مثبط أكسيداز أحادي الأمين (بالإنجليزية: Monoamine oxidase inhibitor): وتسبب هذه المجموعة بالإضافة للأعراض السابقة انخفاض ضغط الدم. مضادات الاكتئاب الغير تقليدية، وتختلف الأعراض الجانبية حسب العلاج المستخدم.  ولكن عند البحث عن افضل دواء للاكتئاب بدون آثار جانبية يجب مراعاة ما يلي:  يستجيب كل مريض بصورة مختلفة لأدوية الاكتئاب، لذلك قد يواجه البعض آثار جانبية إضافية غير مذكورة. لا يواجه المريض جميع الآثار الجانبية المرتبطة بمضاد اكتئاب معين. يجب مناقشة الآثار الجانبية المحتملة مع الطبيب المختص حيث قد يواجه المريض هذه الآثار بصورة أو بأخرى. تعتبر الآثار الجانبية مؤقتة حيث قد تخف أو تختفي مع مرور الوقت حتى يعتاد الجسم على العلاج.  وحسب ما أشار إليه الباحثون عند دراسة مضادات الاكتئاب فقد وجد أن بعض مضادات الاكتئاب تم تحملها من قبل المرضى بصورة أفضل وهي:  سيتالوبرام - Citalopram. اسيتالوبرام - escitalopram. فلوكسيتين - Fluoxetine. فورتيوكستين - Vortioxetine. سيرتالين - Sertraline.  ينصح بضرورة المتابعة مع الطبيب المختص فقط.  للمزيد:  ما هو الاكتئاب قبل الزواج وكيف يمكن التغلب عليه؟ كيفية التوقف عن دواء الاكتئاب بطريقة صحيحة
بصباح استيقظت وكنت ساعود للنوم عندما استلقيت شعر كأن الاكسجين توقف وكتمه قوية وعندما جلست ذهبت هل هذي نوبة هلع؟ لان لدي غثيان وجرثومة معدة وكثرة تفكير,نحتاج إلى علاج نفسي مكثف والحياة الطبيعية الصحية والابتعاد عن التوترات
اعاني من ضيق ضيق تنفس شديد بين فتره و فتره و تنميل ولا اعرف ايش السبب علما ان جميع فحوصاتي سليمة من الرأس للقدم,نحتاج إلى علاج نفسي مكثف ونمنع التدخين ونضبط الوزن ونعيش حياة طبيعية صحية مسالمة
الشعور بالغثيان واللم ف الصدر,نعم يحتاج إلى علاج نفسي للتغلب على الأسباب
عندما أقوم بفعل شيء لا أقوم به وأصاب بالاحباط,فقدان الشغف انتشر الآن بفضل وسائل التواصل الاجتماعي اقفل موبايلك اسبوعاً قابل ناس حقيقيين وصحبة طيبةوالعلاج النفسي مفيد
السلام عليكم . دكتور انس الدالي . دكتور انا سألتك عن القلق و..... في اخر سؤال امراض نفسية باسم اسامة ونصحتني ان ارى طبيب . ولكن دكتور نحن في العراق تعرف وضعنة. يعني الدكاترة المهمين قليل لا يوجد . لا يوجد اطباء نفسيين ارجو ان تصف دواء متوسط اذا اردت اعراض اكثر تفصيل قل لي وشكرا,يمكن تفاصيل أكثرولكن ربما لا تكون الأدوية ضروريةوإلى ذلك الحين حافظ على صحتك بشكل طبيعي:1- الاستيقاظ المبكر ومنع النوم نهاراً2- تغذية صحية من خضروات وفواكه3- ممارسة كافة الأنشطة وأهمها الرياضة او المشي4- الصحبة الطيبة والابتعاد عن مصادر التوتر أو الاعتياد عليها
اعاني من قلق وكأبة قوية ضعف التركيز والرغبة بالموت لاني ارى الحياة صعبة جدا . انظر الى الناس الذين حولي واتأمل في وجوههم واقول من انا لماذا انا هنا . والبكاء . والخوف الداخلي .... دكتور انت لا تحتاج صورتي .فقط معلومات لذلك اريد دواء . لا يتوافر اطباء نفسية في منطقتنا,"يشير ما ذكرت سابقا إلى أعراض اضطراب اكتئابي و هو بحاجة لعلاج دوائي و يفضل البدء بزمرة من زمر مضادات الاكتئاب , و لكن أنصحك بالتوجه إلى طبييب لنفي أسباب أخرى قبل البدء بالعلاج"
هل ياتي الوهم النفسي من اصوات ام الحالة لوحدها تعالج بدون اصوات ؟,"لا بد من التفريق بين كلمة وهم و هي تشير إالى معتقد ثابت و راسخ ,لا يمكن مناقشته أما الأصوات ف تشير الى خلل بالادراك كأن يسمع المريض أصوات تكلمه لاحقيقة لها والعرضين إن وجدا أو وجد احدهما بحاجة لعلاج دوائي"
هل يوجد علاج دوائى للفوبيا من السباحه او المياه,العلاج هو التدريب على المهارات اما باسلوب الغمر او باسلوب التطمين التدريجي مالم يكن هناك اعراض مرضيه اخرى
شخص ادمن على دواء زيبريكسا دون علمه نظرا لأنه كان تحت ظرف إيقاف تعاطي الحشيش. و طال استعمال الدواء، كيف يمكن التصرف بإيقاف الدواء علما أنه لا يعلم بتعاطيه؟,هذا الدواء يعطى بناءا على احتياج طبي نفسي وتحت اشراف طبيب وهو لايسبب الادمان ولا يجب ايقافه ابدا الا باستشاره واشرف طبيبه الذي وصف اله الدواء
عندي ضغوطات بيت اطفال وعمل مدته عشر ساعات بمستشفى .. اشعر بالصداع والعصبيه بدون اظهارها الا اوقات اكبتها في داخلي في الغالب اعلم ضغط الحياة هو السبب لكن احس انه اتجهه للعصبيه,تحتاجين لتنظيم يومك ومهامك اليومية بناءا على جدول تتبعين به نفسك وتقومين فيه باعمال متوازنه مثل العبادات والامور الشخصية والامور الاسرية وامور العمل والرياضه والغذاء والنوم والترفيه وبناء العلاقات العاطفية والاجتماعية مع تمارين الاسترخاء والتفكر الارتقائي
تمر عليا حالات اكون اضحك فجاه احس بحزن وابكي واحيان لمن يغلبني النعاس ابدا بتخيل حاجات غير موجودة هل اعاني من مرض نفسي ؟,اذا كان ما تشعرين به في فترة بداية النوم قبل الدخول في النوم فهو يشير الى اعراض طبيعية تسمى أهلاسات الرقاد
لست منسجمة مع الواقع لدي انفصال و تغير اعراض اختلال آنية انا في حيرة الآن كيف اشعر لا استطيع الوصف حيث نوبة اختلال آنية كانت تأتيني بصورةواضحة اما الآن اشعر انها معقدة جدا,لابد من تحديد بداية الاعراض المرضية و التفصيل فيها و ووصف دقيق لنوبة الاختلال و مواقيت حدوثها اضافة الى وجود سجل علاجي أي الأدوية التي تناولتها سابقا
السلام عليكم اخي يتناول علاج زبركسا و لامكتال وتم تغير الزبكسا الى زولندا واصابه الارق ونوم متقطع مع العلم يتم اخذ الدواء الساعه١٠ مساء السؤال هوا : هل في ضررر عند تغير موعد علاج زولندا من المساء الى الصباح لتقليل من الارق ؟,يتم التشاور مع الطبيب المعالج وينصح بالاستيقاظ فجراً وعدم النوم نهارا لضبط النوم المسائي
انا مريض بمرض ذهني ولقد قطعت شوطا كبيرا في الشفاء ولكن تانيني حالة لا اعلم ماهي حينما العب كرة القدم مع الاصدقاء يختلط علي الفريقين بالرغم انني اعرف اصدقائي وانا اعرف ان هذا وسواس يلبس علي الامور فاضطر للخروج من المباراة او ابقى تائها خلال اللقاء فكيف اتخلص من هاته الحالة نهائيا,نحتاج إلى علاج نفسي مكثف والتدريب عل التركيز والاسترخاء ومنع التوتر
مرحبا:عندما يحاول احداستفزازي بالكذب ويختلف بكلامه معي يضيق نفسي ولااستطيع اخذ نفس حتى اشعر بعد م دخول الهواء الى صدري هل لدي مرض ربو او قلب وماهو العلاج دمتم سالمين,نحتاج إلى علاج نفسي وتدريب على التعامل مع البشر بكل أنواعهم ومزاياهم وعيوبهم
صاحبتي مخطوبه، وانا حرفيًا هموت م الغيرة عليها برغم اني مبسوطالها اوي، بس مش قادره‍ أتقبل إن حد يشاركني فيها ويبقى احق بيها مني، أو يقرب منها، أو حتى تهتم بيه، نفسي الاقي حل عاوزه‍ ابقى طبيعية ايه الحل؟,نحتاج إلى علاج نفسي مكثفوتدريب عل الاسترخاء والتركيزوالاهتمام بالمستقبل على حساب الماضي
أنا أعاني من الاحلام اليقظة و عندي بعض اعراض مرض الشلل الرعاشي مثل رعش اليد و الم في الساقيين وبطء في المشي و الحركة اصبح لا اقدر علي فعل اي شئ و تأتني هذه الحالة إلا عند شرب القهوة و بعد دقائق اتحسن و انا محتارة أريد التأكد هل انا مريضة بهذا المرض فعلا أم لا,الوزن؟ أمراض باطنة؟ جراحات سابقة؟نحتاج إلى علاج نفسي مكثفوتدريب على التركيز والاسترخاء
احس بأنني متعبة و أريد النوم لكنني اجد صعوبة في النوم,ممنوع النوم من الفجر إلى العشاء.. مع الكثير من النشاط والعمل والرياضة... الخحتى ننام نوماً طبيعيا من العشاء إلى الفجر
للدكتورفوصف لي دواء plazeron20mg حبة بعد الفطور فمتخوف من الدواء وآثاره الجانبية,ناقش طبيبك المعالجوادرس معه إمكانية العلاج النفسي إلى جانب (أو بدلاً من) العلاج الدوائي
السلام عليكم انا عندى ١٥ سنة و بقالى حوالى سنة مش بعرف احب لا اعلم كيف احب قلبى زى الصخر و مشاعرى باردة ف ماذا افعل لكى ارجع احب و هل لازم اروح لدكتور نفسانى؟؟؟,الصبر ومراعاة الحالة الصحية والغذائية مفيد جداً للسواء النفسيربما لا نحتاج إلى طبيب نفسانيإذا نجحنا في تحسين نمط حياتنا
عدم التركيز على الحاضر الحديث السلبي مع النفس عدم السيطره على حياتي,نحتاج إلى علاج نفسي مكثفالسن؟الوضع العائلي؟
أتنفس عادي لكن عندما أحس بضبق تنفس أحتاج دائما لأخد شهيق لكنه لا يكتمل وأحس بضيق تنفس. أدخن و بطني منفوخ وأعاني من نوبات هلع في بداية النوم,السن؟ الوزن؟ أمراض سابقة؟ نحتاج الإقلاع عن التدخين فوراً
اخاف من تعرض لاذى من طرف اشخاص سببت لهم مشاكل كبيرةفاخاف ان ينتقموا مني فاحاول ان اتجنب مكان تواجدهم فاخاف مع علم انني اجتماعي جدا واثق في ناس كثيرا باستثناءالذين سببت لهم مشاكل مع علم ان هذا الخوف محصور في هؤلاء فقط,تصالح معهم اعتذر وقدم تعويضاتوركز على المستقبل على حساب الماضيوخذ الدرسلا تسبب مشاكل لأحد .. حتى لا تتحمل ما لا تستطيع
مررت بخوف وقلق مستمر بعد ذلك حدث لدي خدر وبروده الاطراف خفت كثيرا واستمر اسبوع كامل عملت تحليل دم وسكر النتائج سليمه قال الطبيب مريضه نفسيا بعد ذلك ذهب الخدر واصبح لدي زغلله في النظر مثل النظر لشاشه تلفاز قديم علما اني اعاني من قصر النظر درجه٣ خفت جداً وعادالخدر ماتشخيصي علما ً اني اتعرض لنوبات هلع,في البدء يجب البحث عن سبب عضوي و خاصة الداء السكري و اضطرابات الغدد و خاصة الدرقية رغم سلامة تحليل السكر فيجب إجراء تحليل الخضاب الغلوكوزي كل ذلك قبل البدء بالتشخيص و العلاج النفسي الذي سيركز على معالجة القلق و نوبات الهلع
انا مدمن على الافكار السلبية التي تصول و تجول في ذهني اشعر ب ذنب كل يوم الوم نفسي اني مدمن على السهر ولا امارس الرياضة ولا اكل الاكل الصحي ولا اهتم بنفسي ولست مهتم بحياتي فما الحل,نعم يمكنك التغيير، لمساعدة نفسك يمكنك البدء بجلسات العلاج النفسي مع معالج نفسي متخصص لعلاج الأسباب الكامنة التي تؤدي إلى هذه الحالة
و عانيت من الاكتئاب لسنة ونصف وشفيت منه والآن بعدمرور سنتين لا زلت اعاني من القلق واشعر بتحركات في احشائي دون ألم ويتم افراز اللعاب بدون تحفيز بين الحينة والأخرى واعراض اخرى,الاهتمام بالصحة العامة مفيدمع التدريب على التركيز مع العلاج النفسي
مش عارف انام خالص وخدت سونجا نايت معملش حاجه وتعبانه بسبب قلت النوم,القلق يسبب اضطراب نوم حاول تجريب تمارين الاسترخاء قبل البدء بالأدوية
من فضلكم أحتاج الجرعة اللازمة لعلاج القلق والتوتر العصبي من دواء اميتربتالين وكم مدة العلاج؟,من 50 إلى 300 ملغ و لكن بإشراف طبي تخصصي لأن ٱثاره الجانبية كبيرة
السلام عليكم . انا عندي امتحانات وعندي توتر وضغط نفس وقلق جدا جدا قوي يمنعني من الدراسة واضطرابات نفسي ولا استطيع الذهاب الى طبيب. لذلك اريد دواء للقلق و... بدون اثار . وانا اتحمل المسؤولية . وهل ينفع استعمال Flupenthixol او flunaxol,الأدوية التي ذكرت هي مضادات ذهان antipsychotic و قد تسبب لك ضررا و ضعفا في التركيز و الانتباه يمكن استخدام الأدوية العشبية لتجاوز فترة الامتحان
"ماهي الجرعة الصحيحة لقطرات ايزوبتيل "" اميتربتالين "" لعلاج القلق والتوتر العصبي المصحوب بإضطراب في النوم هل 20mg كافية؟",غير كافية فهذه الجرعة فقط قد تسبب النعاس و لكن لا تعالج القلق
سلام عليكم . الآثار الجانبية للأدوية الاكتئاب التي تظهر في بداية العلاج هل هي آثار مؤقتة وتزول ام انها تكون آثار مستمرة ودائمة؟,مؤقتة ويراجع الطبيب المعالج وينصح بالعلاج النفسي
نظام المكافآت عندي تحول الى نظام عقوبات وبدأت ارى الامور بشكل تافه ولا اتمتع جديا بالامور الحياتية وهناك امور اسخفها... مالحل,أنصحكِ بالتحدث مع أحد المعالجين النفسيين لمعرفة المزيد من التفاصيل ومناقشتها معك ومساعدتكِ على التحسن.
عمري 19 سنة اعاني منذ عامين من نوبات الهلع ووسواس الموت والامراض و عدة اعراض لا تحصى.هل زيلرة الطبيب النفسي و العلاج الدوائي هو الحل الانسب؟,يجب المتابعة مع الطبيب النفسي لتقييم وتشخيص الحالة وإعطاء العلاج المناسب، كما يجب المتابعة مع معالج نفسي أيضا لعلاج الأسباب الكامنة التي تؤدي إلى الهلع
بعاني من فترة بتشتت في الافكار وسواس قهري واكتئاب زهبت للدكتور من قبل سنتين ووصف لي دواء لاروجين ومعاه حبوب للاكتئاب بس وقفت العلاج ورجعت الأعراض من اول,يحب المتابعة مع الطبيب النفسي للعلاج الدوائي، كما يجب المتابعة مع معالج نفسي متخصص وهو العلاج الغير دوائي فمن خلال جلسات العلاج النفسي يمكنك فهم الأسباب ومعالجتها وتحسن صحتك النفسية
هل تدني المستوى الدراسي المفاجئ و عدم التواصل مع المجتمع و العزله و الحزن و البكاء المستمر من اعراض الاكتئاب؟؟,من الممكن أن تكون من أعراض الإكتئاب، يجب المتابعة مع معالج نفسي
سلام عليكم لدى وسواس قهرى بالشذوذ انا ارفض هذه الاشياء ومستحيل ان افعلها فالواقع لكن الافكار هذه اذ اتتنى فجاه تعذبنى واشعر بقلق شديد ولاتأكد انى سليم اشاهد فيلم لواط ولا يحدث اى اثاره ابدا عكس الفتيات يحدث اثاره قويه,مطلوب تقليل الوزن الاهتمام بالصحة العامة والرياضةالتواجد وسط الناس بعيداً عن الأفكار الغريبة وربما تحتاج إلى علاج نفسي مكثف
اهلا دكتور انا عند النوم تزداد دقات قلبي و لا استطيع النوم كما احس نفسي دائما حزينة و لا استمتع حتى بالاشياء التي احبها و احب العزلة ما هي مشكلتي و ما الحل ارجوك ساعدني دكتور,لا يمكن تحديد تشخيص هنا من خلال هذا السؤال فقط، الحزن والخوف يكون لهم أسباب نفسية مثل التعرض لصدمة أو التعرض للضغوطات، لذلك من الأفضل المتابعة مع معالج نفسي
والله تعبت من الارق ايش سببه وانا ماعندي اي توتر،وحللت دال طلع طبيعي ٣٧ والحديد طبيعي،ايش سبب الارق صار له فتره ملازمني تعبت تعبت تعبت كثيرا،انام ساعات قليله فقط،واخلد للفراش واقعد من٤ الى٦ ساعات ما انام تعبت وش احلل وش اسوي،ما اشرب كافيين ولا منبهات ابدا,هناك أسباب عديدة ولا يمكن معرفة السبب الأساسي للأرق عندكِ فقط من خلال هذا السؤال، أحيانا مثلا القلق ممكن أن يُسبب أفكارا متسارعة تجعلك مستيقظة وممكن التعرّض لصدمة نفسية منذ الطفولة تؤدي الى الأرق، لذلك إذا كنتِ غير قادرة على تحمل الأرق وبدأ يؤثر على حياتك بشكل كبير، ولا يوجد عندكِ أي مشاكل صحية، يجب أن تتابعين مع معالج نفسي للمساعدة.
انا بقيت بكره نفسي جدا بسبب شكلي انا شايف نفسي احلي بس لما ببص في المرايه بحس بخنقة ومش قادر أتقبل نفسي أرجو الإفادة ومش هقدر هروح لدكتور بسبب الظروف المادية,يجب معالجة الأسباب النفسية وزيادة ثقتك بنفسك، الإيتعاد عن الأشخاص الذين ينتقدونك، ويجب متابعة جلسات علاج نفسي حتى لو كانت الظروف المادية لا تسمح فلا بد من ذلك حتى تتقبل ذاتك
ابني يبلغ 4 اشهر و مرخرا تراودني افكار كايذاء طفلي او قتله انا ادرك اني لن افعل تلك الافكار لكنها تستحود علي و اشعر اني ساتلذذ اذا طبقتها و عندما اتجاهلها ارتعش و يبدا قلبي بالخفقان و احاول تغيير المكان و لكن سرعان ما تعود لي تلك الافكار حتى اشعر اني ساجن فهل هذا وسواس قهري ام اكتئاب بعد الولادة,لا يمكن الجزم بأنكِ تعانين من إكتئاب ما بعد الولادة، لذلك لا بد من المتابعة مع معالج نفسي من أجل تقييم الحالة والتشخيص ومتابعة جلسات العلاج النفسي للتحسن.
كيف لي السيطرة على ألم المعدة عند حالات الغضب وتوتر والقلق ،لأن يكون هناك ألم وفقدان شهيه,يجب معالجة الأسباب النفسية التي تؤدي إلى القلق والتوتر والغضب، الإبتعاد عن التشنجات، ومحاولة حل الأمور بطرق مختلفة، والأفضل المتابعة مع معالج نفسي لمساعدتك على السيطرة على الغضب وحل كل الأمور السابقة.
كنت اتناول ادوية نفسية وكنت اعاني من كثرة التفكير والقلق.. هل مع الوقت يمكن ان تتحسن الذاكرة وتعود لقوتها ام لا,بالتأكيد تتحسن ذاكرتكِ، لكن عندما يخف القلق الشديد لأن كثرة التفكير والقلق يؤثر على الذاكرة ويُضعفها.
هل اعراض اختلال آنية تتغير مع الوسواس القهري و مع الشعور بأحاسيس متكررة و بالضياع الفكري ارجو الإجابة و هل القلق سبب كل ذلك. شكرا لكم,اضطراب الوسواس القهري هو نوع من أنواع اضطرابات القلق، الوسواس أو الأفكار التي تأتي تجعلكِ في حالة قلق شديد والأفعال القهرية التي تقومين بها تكون من أجل خفض القلق، يجب المتابعة مع طبيب نفسي من أجل تشخيص الحالة واعطاء العلاج الدوائي المناسب كما يجب المتابعة مع معالج نفسي متخصص لعلاج الأسباب الكامنة ومساعدتك على التخلص من المشاكل
عندما اخرج من منزلي احس بمراقبة ناس لي و قلق شديد علما أنني إنطوائي و لا تقولون لي اذهب الى طبيب اريد نصائحكم و طرق,يجب الإبتعاد عن كافة المحفزات، وتجنب العوامل التي تُشجّع على الإدمان مثل الأماكن أو الأشخاص، حدد الآثار السلبية للإدمان على حياتك، يحب أن تحدد أهدافك في الأيام القادمة والأشياء التي تريد تغييرها، ويجب أن تشغل وقت فراغك بأشياء مفيدة، يجب متابعة جلسات علاج نفسي مع معالج نفسي متخصص للتعرف على الأسباب الكامنة ومعالجتها.
حصلت لي مواقف من اقرب الناس لي وكنت أثق فيهم كثيراً بعدها اعاني من تفكير مستمر وقلق واكتئاب وأفضل الجلوس لوحدي اغلب الساعات واعصب بسرعه وأصاب بغثيان احيانا وهبوط ضغط,اذا كنت غير قادرة على التأقلم أو تخطي الأمور، يجب اللجوء الى العلاج النفسي لتخطي كل هذه المواقف التي كررتِ بها والتخلص من القلق والإكتئاب.
تم تشخيصي بمرض الاكتئاب والرهاب الاجتماعي والوسواس القهري اتناول عقار سيرترالين لمدة 5 أشهر على جرعة 100 ولم أشعر الا بتحسن بسيط فهل استمر في الدواء؟ وهل يمكن زيادة الجرعه,يجب مراجعة الطبيب لتقييم الحالة كما يجب متابعة جلسات علاج نفسي مع معالج نفسي متخصص لعلاج الأسباب التي تؤدي الى الإكتئاب والرهاب والوسواس
السلا عليكم دكتور انا دايما لمن ابي انام او اغمض عيني اسمع اصوات براسي نفس صراخ وبجي و وايد ناس ينادون اسمي بدون سبب,لا داعي للخوف، يمكنك التحدث مع معالج نفسي في حال أنكِ تمرين ببعض الضغوطات النفسية للمساعدة.
اخذت سيبرالكس لعام و توقفت منذ اسبوع و شعرت في موقف في الأسبوع هذا بتأثر على نفسيتي وذهبت للطبيبة قالت خذي المضاد ٦ شهور ف اعلمتها أنني فيما عدا هذا الموقف بخير ف قالت اختبري نفسك شهر لو الحال كويس توقفي ولو لا خذيه ٦ شهور فهل هذا بسبب التوقف فجأة,يجب اللجوء أيضا للعلاج النفسي لعلاج الأسباب الكامنة التي تؤدي إلى حالة الإكتئاب في نفس الفترة التي تتناولين فيها العلاج الدوائي.
عندي افكار بتؤمرني ان اقتل اهلي بسكينة او ارمي نفسي من الشباك او اقتل نفسي بأي شكل من الانتحار من غير سبب لدرجة انها وصلت ان اقتل اهلي عشان اخلص من توتري وبعد كده اقوم انتحر ارجوكو عرفوني هو انا مجنونه ولا اي,لا يمكن القول بأنكِ مجنونة وهذه الأفكار التي تأتي هي ناتجة عن مشاعر وأحداث أو إضطراب نفسي ويمكن العلاج، لذلك يجب أولا المتابعة مع طبيب نفسي لتشخيص حالتكِ وإعطاء العلاج الدوائي في حال كنت بحاجة لذلك بحسب رأيه، ومتابعة جلسات علاج نفسي مع معالج نفسي متخصص لعلاج جذور المشكلة التي تؤدي إلى ظهور أفكار ودوافع القتل.
حينما يكون لي مهمة مثلا أريد أن أسافر إلى بلد أو أحضر حفلة أو إلى الصلاة أو أي عمل مهم يأتين خوف وهلع حتى يفقدني تركيزي ويسبب لي الاضطرابات في البطن وفي مسالك البولية ولا أزال في ذلك إلى وقت طويل,الأعراض في البطن والمسالك البولية هي عبارة عن أعراض نفس جسدية ناتجة عن الخوف والهلع، كما أنه يحب المتابعة مع معالج نفسي متخصص لعلاج الأسباب الكامنة التي تؤدي إلى حالة الإكتئاب والخوف والعودة إلى حيانك الطبيعية دون خوف
لدي قلق واكتآب وعدم القدره على النوم وصف لي الطبيب ميزارجن هل استطيع ان اخذه وانا اريد ان اعالج اسناني,يجب مراجعة الطبيب، كما يجب متابعة جلسات علاج نفسي أيضا لعلاج القلق والإكتئاب
السلام عليكم ورحمه الله وبركاته بقالي فتره طويله اووووي عندي مشكله أما براكب وسائل مواصلات بحس اني تعبان جدا وتوتر جامد وببقا عايز انزل من السيارة.... ثانيا وانا بصلي واسجد بحس اني عايز اطلع من الصلاة عالطوال ...,هناك أسباب عدة ومنها الضغوط النفسية، يمكنك التحدث مع معالج نفسي للمساعدة
لدي زوجه لاتستطيع نسيان الماضي وكل ما يحدث عباره عن ماضي متكرر لا تستطيع نسيان الذي مضى ولا يمكنها العيش للحاضر والمستقبل بل نعود للماضي بكل ما فات منه هل يوجد حل لهذا الامر وكيف استطيع ان انسيها الماضي مع انه لم يتبقه شيئ لم افعله لجعلها تنسى ولاكن باتت كل محاولاتي بلفشل,اذا كان القصد بأنها دائما تُعيد ذكريات الماضي وتؤثر بشكل كبير على وضعها النفسي وعلاقتها بالآخرين فهي يجب أن تتابع جلسات علاج نفسي حتى تتخطى كل الأزمات والصدمات التي مرّت بها منذ الطفولة وحتى تتحسن علاقتها مع نفسها ومع الآخرين وتتغير طريقة تفكيرها ومشاعرها
اعاني من وسواس النضافه واكرر غسل يدي لمرات عديده ،وكانت لدي وسواس أخرى قبل أربع سنوات لكني تخلصت منهاء ،ولكن وسواس النضافه لم استطع التخلص منه.والبيئه والحاله الماديه لا تسمح لي بمراجعة طبيب.,يجي المتابعة مع طبيب نفسي من أجل تقييم الحالة ووصف الدواء المناسب وكذلك يجب المتابعة مع معالج نفسي أيضا للمساعدة من خلال جلسات العلاج النفسي
احس ان امي تراقبني حتى وفي قرارة نفسي عارفه انه هي ما تراقبني بس ذا الشعور مو راضي يروح احس انها تراقبني بأي طريقه ممكنه والان هي مسافره ولكن الشعور بعدم الراحه والمراقبه مزال,العلاج النفسي الأسري مفيد جداً مع التدريب على التركيز والاسترخاء
انا شاب عمري 27 سنة احمل شهادة جامعة متزوج ولدي طفل اشعر في الراحة عندما اتخيل انني اقوم بتعذيب و قتل بابشع الطرق شخص ما لا على التعيين مع العلم لست ساديا,تحتاج إلى علاج نفسي مكثف وربما دوائي ايضاً مع التدريب على التركيز والاسترخاء
السلام عليكم لدي وسواس قهري يمنعني من تعلم اللغات الاجنبية خاصة الانجليزية رغم قدراتي الهائلة يصور لي هذا الوسواس على انني لا اقدر على الاستيعاب والحفظ وانني فاشل في اللغات وان طريق التعلم طويلة جدا فاصرف نفسي على تعلم اللغات .ماهو الحل بارك الله فيكم,العلاج النفسي المكثف هو الحل ابدأ الآن وربما تحتاج إلى علاج دوائي أيضاً مع التدريب على التركيز والاسترخاء
من فترة 3 سنوات تعالجت من نوبات الهلع بالسيرترالين اصبحت تأتيني بفترات متباعدة جدا والان اصبت بفيروس كورونا واصبحت تتكرر عندي كثيرا ل5 مرات او 6 باليوم ماالدواء الذي يمكن ان استخدمه غير السيرترالين لأن أول استخدامه يسبب اضطرابات معدية مزعجة لدي,يجب مراجعة الطبيب لتقييم الحالة وإعطاء الدواء كما يجب متابعة جلسات علاج نفسي
شو الفرق بين الشعور بالوحدة وبين مرض العزلة الاجتماعية؟ لانو صار هاد الشعور يأثر على حياتي حتى مع اعز الناس الي وصار يسبب مشاكل كتير، هل بحتاج اروح على دكتور او شعور مؤقت؟,نحتاج إلى علاج نفسي وتدريب على التفاعل مع الآخرين
عندى تقعر صدرى بسيط واريد الحصول على جهاز تقويم (فاكيوم بيل ) او جرس الفراغ ولا اعرف كيف أجده . من فضلك ارديد الوصول الى هذا الجهاز للحصول علية (عنوان مثلا) بسبب حالتى النفسيه بتسوء وعدم ثقه فى نفسى . اريد فقط المساعده فى ذلك,تحتاج إلى علاج نفسي أكثر من أي جرس فراغ
سؤالي هو هل ضيق التنفس نفسي المنشأ من الممكن أن يسبب الاختناق للشخص إذا كان سليما بدنيا؟,إن ضيق التنفس هو من أعراض التوتر والقلق، ويزول ضيق التنفس عند معالجة السبب النفسي الأساسي الذي يؤدي الى القلق.
اختي تحلم باشياء ولما تصحى تقول هذا كان واقعي وشفته قدام عيني وتتهم الجميع وصارت ماتهتم فنفسها ولا في عيالها,يجب المتابعة مع طبيب نفسي لتقييم وتشخيص الحالة وإعطاء العلاج المناسب والمتابعة مع معالج نفسي
العياط المستمر كره الزوج والمعيشة الزوجيه كره الحياه,يجب متابعة علاج نفسي مع معالج نفسي متخصص لمساعدتك على تخطي الأسباب الكامنة التي تؤدي إلى الاكتئاب
هل يمكن ان يموت الشخص عند تعرضه لفوبيا الاصوات تصل الي 20 مرة يوميا مع خفقان قلب تصل لثواني ، هل يمكن الموت من هلع الاصوات علي المدي البعيد ؟ بارك الله فيكم,حسب إذا كان الشخص يعاني من مشاكل في القلب يكون أكثر عرضة لخطر الوفاة من الناس الأصحاء.
في كل الاوقات اكون سيء المزاج ولا اريد ان اتحدث مع اي شخص ، منعزل ، لا احب التحدث مع اهلي ، العصبية المفرطه ، واهم الاعراض واصعبها لدي هي انعدام الشعور بالعالم من حولي …,لا يمكن تحديد تشخيص هنا فقط من خلال هذا السؤال، يجب المتابعة مع معالج نفسي لتقييم وتشخيص الحالة ومتابعة جلسات علاج نفسي
سلام انا اعاني من الاكتءاب مند سنة و قام الطبيب بتغير الدواء اكتر من مرة و في الاخير تناولت دواء فليوكستين لمدة 6اشهر تم توقفت عليه الآن عندي شهر لم اخد الدواء ولكن انا اعاني من تغير المزاج فجأة و الصداع و قلة النوم و اشعر بأني غير طبيعي مادا افعل؟؟؟,يجب المتابعة مع معالج نفسي أيضا مع الإلتزام بكل ما يقوله للطبيب النفسي بشأن الدواء
السلام عليكم انا كنت اعانى من مشاكل نفسية والان تحسنت جداا وانا اخذ دواء منذ حوالى سنة ونصف ولكن انا الان الدوا اصبح يسبب لى صداع ودوخة ونوم كتيير وانا لما اوقفه يوم برتاح فى اليوم ده ولما اخده تانى بتعب والدكتورة كل شوية تغيير فيه,يراجع ويناقش الطبيب المعالج وهدف العلاج النهائي هو الشفاء والاستغناء عن الأدوية
وصلت لوضع خطير جداً من التفكير ، مايقارب سنة كاملة وانا في فراغ ومشغل نفسي في التفكير ٢٤ ساعة على اشياء بسيطة ، حاليا لا ارى شي ب لذة، واواجة صعوبة في السيطرة على العقل الباطن,العلاج النفسي هو الحل.. مع تدريبات على التركيز والاسترخاء
اعاني من سماع صوت صراخ قوي اثناء نومي و استيقظ خائفة و انا بال 18 من عمري,تحتاجين إلى علاج نفسي مكثف وربما علاج دوائي أيضاً مع التدريب على الاسترخاء
اعاني من تركيز شديد في الناس من حولي ولا أنفك منه اي شخص التقي به اركز فيه أشعر أن عقلي تبرمج على ذلك فعندما اسير في الطريق وتقابل شخص يتبرمج عقلي على التركيز شديد فيه وعندما اجلس في الحافله اركز بشده ولا ادري لما التركيز حتى كثير من الناس يشعرون بهذا التركيز وينظرون الي على أنني أريد القيام بأمر,تحتاج إلى علاج نفسي وتدريب على الاسترخاء
اعاني من الارق والاكتئاب والافكار المتسلطة في قتل شخص عزيز عليا بسكينة مجبرة علي هذا الفعل غظب عني,هذه أعراض قلق وتزول بالعلاج النفسي للقلق والارق والاكتئاب
لدي فوبيا من طبيب الاسنان اريد دواء مهديء للاعصاب فعال جدا لأتمكن من الذهاب لطبيب الاسنان هل من الممكن اخذ دواء زانكس من غير وصفة طبيه من الصيدلية,هذا الدواء يسبب الادمان لذا لايصرف الا باشراف طبي
عندي أرق لاحظته من اعدادي صعوبه فالنوم بقعد كام ساعه بس كنت بنام ،من سنتين مكنتش بنام بسبب النفسيه الاقصي تلت ساعات واصحي خلالهم كتير خلصت السنه ونفسيتي تمام وبنام بس بقعد بالساعات لكن بنام،حاليا كويسه نفسيا بس مبنامش التلت ساعات و كل كام دقيقه اصحي ودا بقاله كتير جدا احلل ايه او تخصص اي،اي الحل,في حال الاستقرار النفسي و عدم وجود امراض عضوية فيمكن استخدام تمارين التنفس و الاسترخاء و الميلاتونين
احيان يكون مافيني شي بس فجأه اكون خايفه من ولاشي ويجيني خفقان وضيقه واحس الدنيا تدور فيني احس بموت واكون بردانه بالذات اطرافي تكون باارده وارجف طول الوقت ودايم تتكرر ذي لاشياء,يجب إجراء تحليل وظائف الغدة الدرقية و تحاليل عامة اولا و بعدها يتم الانتقال للفحص النفسي
عندي الم بالصدر هو كذا زي السكين ما معه خفقان ابدا الا اذا كنت خايفه ومتوتره دايم يجيني يوم اخاف او احزن او اتوتر بس ما يقل الخوف يروح ولما يزيد الخوف يزيد زي كذا هو من سنه بذي السنه رحت سويت اشاعة صدر و4 مرات تخطيط قلب والاطباء كلهم قالو هلع بس مره خايفه للحين ان مايكون يبين المشكله بالتخطيط وا,تحتاجين إلى علاج نفسي مكثف وربما علاج دوائي مع تدريب على الاسترخاء
السلام اشعر بضيقه ب الصدر خفيفه واشعر بغمته بالقلب واشعر بالقلق والتوتر وعند التنهيد الشهيق والزفير احس بصعوبه شوي سمعت انو هذا اكتئاب بسيط ماهي الشي المناسب او العلاج المناسب لتخفيف هاذي الحاله رغم اني استخدم دوجماتيل ولكن احس باقي الاعراض موجوده شوي,هذه اعراض قلق اكثر منها اعراض اكتئاب الدوغماتيل لا يفيد إلا بشكل بسيط جدا في القلق
الاعراض : فيها توتر تقول ان نظرات الناس لها وتقول انها لا تستطيع التوقف عن التفكير في كل شي واذا فتحت الجوال تقول لماذا اليوم المقاطع فيها نفس الالوان والعبارات انا خايفه يكون,لا يمكن إعطاء تشخيص فقط من خلال هذا السؤال يجب مغرفة الكثير من التفاصيل حول الحالة، لذلك يجب التحدث مع معالج نفسي، ويمكنكم المتابعة معي أونلاين
السلام عليكم، انا اعاني من اكتئاب شديد و يصاحبه اوجاع في الراس و اعصاب الجسم عامة، كنت اخد مضاد اكتئاب ، حاليا انا اخد جرعات قليلة لحتى اقطع تناوله، سؤالي هو هل يمكنني الحمل ؟! خاصة و انا ارغب في ذلك,في حال و جود الاكتئاب لا ينصح بالحمل أما في حال استقرار الحالة النفسية فالأفضل التوقف عن استخدام العلاج خلال الأشهر الثلاثة الأولى و استخدام حمض الفوليك
افكار انتحاريه واخرى معاكسه لذلك تريد التغيير واشعر بتشتت في تفكيري ولاادري ايهم اختار,يجب المتابعة مع معالج نفسي للمساعدة يمكنك حجز موعد مكالمة فيديو معي هنا في عيادة الطبي
اشعر ان الجميع افضل مني واشعر بكسل وخمول وملل واشعر اني سيئه جدا وعديمة الانسانيه افكار غير جيده تدور ببالي,تحتاجين إلى علاج نفسي مكثف
اشعر انني منفصلة عن جسمي و انني لست الشخص الحقيقي و منفصلة عن الواقع و اشعر انني عمياء لا استطيع التركيز في اي شيء امامي حينما امشي لا اتدكر كيف وصلت الى هناك,بعض العرض على زميل الأمراض الباطنةربما نحتاج إلى علاج نفسي مكثف وتدريب على التركيز
احتاج توضيح اكثر لاكتئاب ثنائي القطب وهل فيه مده محدده بين الهوس والاكتئاب وكيف يشعر المريض وامثله عليها وهل هو مزمن او له علاج قطعي,المهم هو الالتزام بالعلاج النفسي والعلاج الدوائيوكثرة الأسئلة والاستفسارات عن المرض لا تفيدالمحافظة على الصحة العامة ضرورية
"انا شاب من فترة مررت بحادثة صادمة ونجوت باعجوبة , تركت اثر كبير في نفسي وتغيرت حياتي كلها بسببها , من وقتها كل من حولي يصفني باني كئيب ونظرتي سلبية , ليس لدي رغبة في تغيير شيئ او فعل المزيد , اشعر باني اريد الاستمتاع بحياتي اكبر قدر ممكن +انا انطوائي منذ الصغر ليس لدي اي صديق سوى افراد عائلتي",يجب المتابعة مع معالج نفسي متخصص لمساعدتك على تخطي الصدمة النفسية وكل المشاكل الأخرى التي مررتَ بها.
اغاني من الرهاب الاجتماعي من قلق وخوف من مواجهة الناس والتكلم أمام الجمهور. وصف الطبيب علاج زولام إذا اخذ العلاج بالأسبوع مره او مرتين بجرعات منخفضة هل هناك احتمال الإدمان؟؟؟,يراجع الطبيب المعالجوينصح بالعلاج النفسي التحليلي والتدريب على الاسترخاء والتركيز للاستغناء عن العقاقير
لازم احط جوالي جنب راسي ولا بمرض لازم احط الحذاء بطريقه كذا ( ولازم تضبط )ولا يمكن اموت لازم اقعد كذا ولا بيصير لي شي وش الحل ؟ وهل اذا كان مرض نفسي وش المرض؟ وش العلاج؟,أترك التشخيص للمعالج المهم بالنسبة لك هو العلاج، تحتاج إلى علاج نفسي مكثف في اقرب وقت
تقلبات مزاجيه مرهقه منذ سنين، الجأ للنوم مما تسببه لي من ارهاق، نشاط وحماس ثم احباط ورغبه بالموت، تم تشخيصي مسبقا بالاكتئاب ولكن احدهم قال بانها تشبه اعراض ثنائي القطب، صحيح؟,ثنائي القطب هو أيضاً اكتئاب، ننسى التشخيصات ونبدأ علاج نفسي مكثف
نفسيتي تعبانه جداً انا سني 18 سنه وداخل على ثانويه عامه ومش عارف افرق بين الشغل والدراسه لدرجة وصلتني اني اقعد لوحدي لفترات طويله واشرب سجاير ونسيت كل المناهج الي زاكرتها ومش عارف ازاكر ولا اعمل اي حاجه,أنصحك بمتابعة جلسات علاج نفسي مع معالج نفسي للمساعدة
التحدث مع النفس بكثره،احلام اليقظه اثناء اداء المهام اليوميه(مثلًا الطبخ وتخيل اشخاص موجودين بجانبك) سماع الموسيقى والانغماس بانك في مكان اخر مع اشخاص اخرين،نسيان الواقع احيانا,هذا سببه قلة الاشخاص والتفاعل في المكان ربما تحتاجين إلى علاج نفسي مكثف
اعاني من انتكاسة اكتئاب و نوبات الهلع للمرة الثانية رغم اني لازلت اتناول مضاد الإكتئاب منذ 4 اشهر هل اتوقف عن تناولها ام اواصل؟ رغم اني أشعر بالإحباط و استحالة الشفاء,يجب المتابعة مع الطبيب النفسي بشأن الدواء كما يجب متابعة جلسات علاج نفسي أيضا للتحسن
عندي فكرة رعب من انه طرف الاخر يتركني و مخوفتني و مقلقتني لدرجه انا انسحب من العلاقة او صداقة ، و عندي ايذاء نفس ، افكار انتحاريه ، و تقلبات مزاجيه لدرجه اهلي ملاحظينها و ed.,نتوقف عن القراءات النفسيةونحتاج إلى علاج نفسي مكثف
انا شخص لدي توتر عصبي شديد للغاية وسواس ولكن لاحظت انه اثر على ضربات القلب لدي وعندما انسى اني متوتر او مضغوط يختفي لكن عندما اتذكره ياتي مره اخرى ..,العلاج النفسي المكثف ضروري وهام لتفادي الامراض النفسجسمية
بدت مشكلتي من قبل سنه كانت بطني قبض من جد ولاكن بعدين صارت احسن بس انا صرت اخاف واتجنب التبرز لـدرجه ماتبرز لاسبوع او اسبوعين.مدري وش سبب الخوف,تحتاجين إلى علاج نفسي وتدريب على الاسترخاء والتركيز
انا يا دكتور اعاني من توتر فجاه وبس امسك يدي واتوتر حتى وانا اصلي بس امسك يدي واحس كان فيه شى بيصير شعور مدري كيف واذا جيت اوقف التوازن عندي كاني بطيح وفيني خمول مره وش سببه؟,هناك أسباب عديدة تؤدي الى التوتر، يمكنك الحصول على استشارة نفسية مع معالج نفسي متخصص حتى تتحدثين أكثر حول هذه الحالة والظروف التي مررت بها لمساعدتكِ، ويمكنك حجز موعد مكالمة فيديو معي هنا على موقع الطبي للحصول على الإستشارة
انا عندي اكتئاب. والدكتور وصفلي دواء انافرانيل السؤال هو هل اخذه قبل النوم ولا عادي في اي وقت,يجب مراجعة الطبيب الذي وصف لك الدواء، كما يجب متابعة جلسات علاج نفسي مع معالج نفسي متخصص أيضا للتحسن
انا اعني من نبض وكتلة في الحنجره لكن عندما جاء لي كان لدي ارتجاع مرئ بعد ايام اتى تسارع لي في خفقان القلب لكن لا اعراض اخرى مثل ضيق تنفس او شي اخر وعندما انشغل او اكون سعيد انسى انه لدي نبض في حلقي وخفقان لكن عندما اتذكر انه لدي يرجع وانا اقلق وابحث كثيرا في مواقع التواصل ..,الإصابة بأي مرض جسدي قد يُسبب القلق ليس فقط عند ظهور العوارض وإنما يستمر لفترة خوفًا من إعادة الشعور بنفس العوارض الجسدية وهي تكون بمثابة صدمة، إذا كنت قد تعالجتِ من الناحية الطبية يمكنكِ الحصول على إستشارة نفسية مع معالج نفسي متخصص تتحدثين فيها عن كل المخاوف والظروف الصحية التي مررت بها وغير ذلك لمساعدتكِ على التحسن
السلام عليكم انا دائما اخاف علي عائلتي و نفسي من الموت و اذا مرض احد من الأبوين أشعر بالقلق الشديد و دائما اعاني من الكوابيس المزعجه بشأن الموت لا استطيع النوم و لا استطيع الإبتعاد عن عائلتي عندما انام أشعر أني ساستيقظ بدون احدهما هل يوجد حل لهذا الخوف الدائم و القلق عليهما ؟,نعم يوجد حل من خلال المتابعة مع معالج نفسي متخصص للتخلص من الخوف
اعاني منذ فتره من نبض في الجهه اليسرى من الراس وعند تحريك عيناي بقوه ايضا اشعر به في الجهه اليسرى وعند اغلاق عيناي بقوه ايضا اشعر به يضرب الاذن اليسرى فقط,راجع طبيب لإجراء الفحوصات الطبية أولا واذا كان لا بوجد أي مشاكل صحية يمكنك اللجوء الى إستشارة معالج نفسي متخصص للإستماع لكَ ومساعدتكَ
اعاني من الوسواس القهري والخوف والاكتئاب واضطراب نفسي والشعور بالوحدة,الوسواس القهري يسلتزم العلاج الدوائي و لفترة اطول من الفترة اللازمة لعلاج الاكتىاب
